,X0,X1,X2,X3,X4,X5,X6,X7,X8,X9,X10,X11
A[C>A]A,0.0146113330941168,0.0246822996929512,0.0152241285931678,0.0183906680739363,0.00396257316857488,0.0206690763787769,0.0379949503193309,0.0165721979259051,0.00355506917689514,0.00484665137060461,0.00525898478556838,0.024488085753451
A[C>A]C,0.0137364567926955,0.0125270036135526,0.0086795085939582,0.00825131013917616,0.00199950396317747,0.0191044205706243,0.0236765649937181,0.00147073832947639,0.0031599605179439,0.00335835164173502,0.0256806857739213,0.00996682340369203
A[C>A]G,0.00661866290511032,0.00328196266336046,0.00216178827501677,0.00258102716298716,0.000216501700754377,0.00858165291998402,0.00750549331174705,0.000480500051360892,0.00205333602949791,0.005599482440251,0.00143597602843001,0.00266092156957792
A[C>A]T,0.0104860259741139,0.0153444645917037,0.00849052310313094,0.0101102236556967,0.00174702688348435,0.0144058559705727,0.0233279977963154,0.00292621957567444,0.00601459534093863,0.00546748318325496,0.00941740705413165,0.00470505464454917
C[C>A]A,0.0173457132668617,0.0201443991805098,0.0154314360298332,0.0127924586268706,0.00287566394879163,0.0250692933814216,0.0381928625607868,0.0249048315278621,0.00532472299074412,0.0100992122807996,0.0223675931395994,0.00281824101310027
C[C>A]C,0.0118235008962398,0.00955294113619831,0.0109304184162386,0.0110204776261541,0.00252948667624143,0.01630015005679,0.0278978723184495,0.0141166761520293,0.0020710849896828,0.00349400708108233,0.0218858247900626,0.00540747962284926
C[C>A]G,0.00676045220186859,0.00224298993928999,0.00320701604123151,0.00210744871895411,0.000140407814225565,0.00516970320399809,0.00742535213454201,0.00110682549970443,0.000514631915006008,0.00284638567480305,0.00184059360909384,0.00643765817012935
C[C>A]T,0.0116287271217273,0.0133006609504588,0.01382509287854,0.0122265182961987,0.00203554327784472,0.0121732532867152,0.0243112720150315,0.0118572986799843,0.00598298755709482,0.0145625474104783,0.0460468101105825,0.00818464930414382
G[C>A]A,0.0148940968513297,0.0153715082851381,0.0102006299578432,0.00858085741487503,0.00124966934848471,0.0151275344813582,0.0323256795120713,0.00488415489525264,0.00167029406402473,0.00543544663163832,0.0124578564197855,0.00407593132320693
G[C>A]C,0.0122520757871704,0.0072444295004908,0.00756129420692993,0.00771790951215422,0.000515864041361689,0.0110935533122636,0.023299131470175,0.00116656603342844,0.00188639372877425,0.00186316226043882,0.0881051836828301,0.00684123912327677
G[C>A]G,0.0076055721315408,0.00108741623725731,0.00173152249745238,0.00190907282316294,9.81608829584561e-05,0.00419342850602993,0.0113976170134136,0.000707327488634129,0.000938214905579256,0.0125753178638707,0.000650723754528868,0.00302232894793383
G[C>A]T,0.00789934596873922,0.00993210543266595,0.00710404268886972,0.00792570683564168,0.001028921421629,0.0075689116559439,0.0161820249684913,0.00206687660448209,0.00321975352767099,0.00916572384480393,0.0151505548131438,0.00537481201518828
T[C>A]A,0.0143597798609281,0.00832514458700895,0.0105770875326265,0.0215890790202145,0.0026695323865857,0.00280840122790158,0.019915230639455,0.00821661941089226,0.00216691881891078,0.0100521254310252,0.00541853128754279,0.0176534964850758
T[C>A]C,0.00869953117758103,0.00718255226468171,0.011071496881212,0.0163906031360901,0.00284584162413896,0.006683400494188,0.0233212302711272,0.00391065099275414,0.00307982234283394,0.00589223606575681,0.0129748403806464,0.00455223504642721
T[C>A]G,0.00472236052012384,0.00144777941365395,0.00210470617468095,0.00238108243872982,0.000328280829453605,0.000619030636313095,0.00464262758444813,0.00111883151533994,0.00105776200005062,0.00377064473659254,0.00262005197016016,0.00585784274133621
T[C>A]T,0.0108354586692597,0.00987647708068503,0.0126810858920242,0.0194511149438111,0.00288792166219878,0.0045265920158742,0.0239821739872661,0.00136612261388177,0.00468220943809197,0.0113374764727856,0.0106432516048985,0.00935715281668322
A[C>G]A,0.0095801536994815,0.00943536782878956,0.0104281865748714,0.00972150759230009,0.00158417726072707,0.00738107650756648,0.0114463813077188,0.0037874870986705,0.00192686117899952,0.00431852097926796,0.00964189535458609,0.00409841128079068
A[C>G]C,0.00753516847781409,0.00489841384680389,0.00436896796584401,0.00854431855607661,0.000783660456126731,0.00136795921619669,0.00240371995829782,0.00120639176185242,0.00259808557423714,0.00174619041793844,0.0080838057696546,0.00616788066017874
A[C>G]G,0.00421821154650618,0.000923144692034533,0.00224792659251821,0.00230608684421598,0.000245294618062135,0.000828099037692935,0.00233463217940778,0.000769003690631041,0.000464743910234686,0.00211481009462877,0.00310610489654678,0.00527751085815015
A[C>G]T,0.00936973029144779,0.00872856619340514,0.00851377714103363,0.0161217581040482,0.000752810593347514,0.00324420189164798,0.0102028604289601,0.00110642430509698,0.0043839225644056,0.00589058549762364,0.00238961510877462,0.00791525245728928
C[C>G]A,0.00701487102338193,0.00523926216825264,0.00610735599796549,0.00824675600852285,0.000826604428307741,0.000970643471811625,0.00606659844786644,0.00394284845270313,0.000792589368682821,0.00583942369595243,0.00216269433573006,0.00302741389869366
C[C>G]C,0.00690741055868659,0.0061983547921506,0.00670389392122749,0.011493806194111,0.000973674534979772,0.00275940561274853,0.0030024019804341,0.00273151534835506,0.00109708349087188,0.00195258572598566,0.00761016500337232,0.01107027756159
C[C>G]G,0.00494779273863689,0.00147048595483999,0.00189912272530649,0.00144159267647134,0.000190404871708551,0.00166409349474719,0.00211402135297623,0.00165974577231378,0.000340056141408591,0.0024938139340281,0.00125062625265939,0.00482742329937099
C[C>G]T,0.00970409028809809,0.00894078111021145,0.00877749157957501,0.0176602196784272,0.00060470538999444,0.00388297156803873,0.00913320617548004,0.00475878673264192,0.0024137289872595,0.00598777038628518,0.0196685426621429,0.00575523130581506
G[C>G]A,0.00579809998698565,0.00491175080182515,0.00530490640453126,0.00375106213907012,0.000327786536208948,0.00127927877915464,0.00477839999010943,0.00187465198935353,0.000530854224469632,0.00230432235739295,0.00184720809936803,0.0010785217869268
G[C>G]C,0.00621537538563388,0.005126755652243,0.00386267900575054,0.00524089718397808,0.00045675156965801,0.00166864537682708,0.00553086217070648,0.0014494803725147,0.00106992745491233,0.00502682524141812,0.0373336377747382,0.00455119537457832
G[C>G]G,0.00613448521303398,0.000266716844704517,0.00165588722107439,0.00128621417251745,7.68484078742127e-05,0.00124386324310477,0.00368191637489762,0.00093123541962523,0.00111745956086029,0.00271840917479066,0.00333336774379938,0.000973552763541451
G[C>G]T,0.00393988314740987,0.00572949047675427,0.00533418976129394,0.0072094424216617,0.000175310857811566,0.00048680497333378,0.00461466614504728,0.000750289432670073,0.00382695701749907,0.00336732084397615,0.00511698362116811,0.0110026555224115
T[C>G]A,0.00745175227697175,0.0065879356878115,0.00576203305637894,0.0107133761797673,0.00149764091269731,0.00129902549472328,0.00881046998287889,0.00294103943207821,0.0019607350741478,0.0046643444642854,0.00160768115317659,0.0408232806521748
T[C>G]C,0.00693170328817543,0.00509222948679685,0.00553561242611826,0.0102158930373012,0.000905442429710513,0.000984335178335858,0.00887932341553242,0.00204418489189919,0.00102783967332176,0.00206144382612089,0.00310491494376375,0.00370754970063745
T[C>G]G,0.00321645781083497,0.00089091118181684,0.00198559050936799,0.00204614892490703,0.000178775898123587,0.00124449357954264,0.000827381023480587,0.00162249517522589,0.000353312489136973,0.00229370990429698,0.000761244505484917,0.000925702893809156
T[C>G]T,0.0190006911798081,0.0169371703581082,0.0102706759454869,0.0233556093922919,0.00187356934894467,0.00507704608888539,0.0110086286556401,0.00608089537123386,0.0051889223693138,0.0088532788051427,0.00541678864558659,0.0542460580280602
A[C>T]A,0.00734937506821946,0.0372050195413175,0.0305976530793908,0.0155842600268879,0.00144516791297362,0.0286334542012031,0.021388489546278,0.0109621732431668,0.00738946189731807,0.0143452448816143,0.00340262580682994,0.00428773200620127
A[C>T]C,0.00656284751443553,0.0188315327412136,0.0180998583574848,0.00870839860091314,0.000410548046126321,0.0170844390775264,0.0112216642395218,0.00616610492083157,0.00634299331614164,0.00786536571149929,0.0115839216668834,0.013188519865588
A[C>T]G,0.0120305072047803,0.0785668566747856,0.028540176556515,0.00147707463870805,0.000368546173496559,0.030982495470823,0.0159972394002516,0.0019307030656041,0.0146106195767699,0.0195701019042814,0.00428644385711473,0.00429840551288105
A[C>T]T,0.00764868538233321,0.0185109128267861,0.0218205512250527,0.0165439482401649,0.000742097513410084,0.0123231890311438,0.0187487132995159,0.00314860646288672,0.00663430553066187,0.00780612884450896,0.00726482256907519,0.00734331729261224
C[C>T]A,0.011759164821321,0.0206046000096364,0.019935539525097,0.0161181495171419,0.00110806584392752,0.0186796749497236,0.0198086801438651,0.0128335917089593,0.0119268064821903,0.00634779344953252,0.014323576826737,0.0134809526354288
C[C>T]C,0.00857058145249156,0.016566654849383,0.0178134326679394,0.014382203914758,0.00193923245445816,0.0202318844842869,0.0158220700541321,0.00992858651977855,0.0079098940628687,0.0323511180483455,0.0793893303145052,0.0117641575330475
C[C>T]G,0.0136039842678504,0.0390065341020709,0.0171863311850236,0.00231051772011768,0.000862405567716121,0.0225176357321742,0.00634970919898265,0.004652387039542,0.00693291817140319,0.00956446419110951,0.00530487405061326,0.00753967634334473
C[C>T]T,0.00861095379430196,0.022473919162547,0.0280444501383324,0.017620300255773,0.00192504561928,0.0362251174216634,0.0216406481337172,0.0130334686000049,0.00565854853738216,0.029507610903085,0.0541982179291474,0.00922438308193247
G[C>T]A,0.00578705833998353,0.0151847906937379,0.0194483347880866,0.0140371405690025,0.000453167346547546,0.00252231674096081,0.0104350034397309,0.0106137979161866,0.00458912939238967,0.0047354304645756,0.0143930645536555,0.00351825839442256
G[C>T]C,0.0104867503482711,0.0123825854403488,0.0188499028635539,0.0118897853526489,0.000194604526671173,0.00918657205060487,0.0160111314188238,0.00671161097487785,0.00438544947030024,0.00484058190096432,0.0655535078354245,0.00704610537231409
G[C>T]G,0.0121123363661677,0.0479053224242928,0.0163562250458694,0.00154924042972142,0.000413554000697417,0.0102919492176699,0.00475852166158223,0.00322094180160209,0.00960792605394674,0.0290212596701574,0.00719258647783009,0.00520009581296349
G[C>T]T,0.00643053678889861,0.0131891437005779,0.0202959475559848,0.0123074597920499,0.000800490822586777,0.0181301716823952,0.0133349693774201,0.00240592786203905,0.00424370022894985,0.0288869216258927,0.0317323296418912,0.00542082141343462
T[C>T]A,0.0118292792504498,0.0160349578860703,0.0205004463188107,0.0282156710042965,0.000997045916668304,0.0107313290065207,0.01886114341853,0.00803732216814045,0.00650659739554978,0.0243262042810862,0.00463153599236971,0.151328702761225
T[C>T]C,0.00900950598829565,0.0197689637556307,0.0207619257418695,0.0184838596966795,0.00167316430900595,0.0121130447766126,0.0131550597553789,0.00578047060624224,0.00510731849454001,0.0231811069253595,0.0224991935249638,0.0441710979876122
T[C>T]G,0.00871990895023523,0.0303802393895447,0.0129380859045139,0.00140103862944665,0.000234943709851989,0.00952983704784305,0.00651832921758033,0.00122964344673893,0.00336245724315632,0.0072068560736302,0.00371685017973972,0.0159910190450709
T[C>T]T,0.00920487536042159,0.0144512422868993,0.0219246475534733,0.0194557952613886,0.00123734325424992,0.0157916736590728,0.0197960781575481,0.00873405930640817,0.00623504942295374,0.0137788125068105,0.00913594000142394,0.0809558325217438
A[T>A]A,0.0081527624006936,0.00883434364007037,0.0108916782574604,0.0121603476134215,0.0783345817452468,0.00702892281003727,0.00920689860267274,0.00446602628570892,0.0152724714272813,0.00439598660538538,0.00698238968795318,0.0100933035945043
A[T>A]C,0.00316934678222469,0.00786601850223466,0.00526953156059496,0.00541865865885559,0.0101743267932102,0.00690065323109441,0.00404871857799346,0.00207502059674567,0.00617767534315307,0.00691464723989194,0.00271501932895789,0.0092205571621121
A[T>A]G,0.00921526427649238,0.011612228020207,0.00814136089913528,0.00908082335083549,0.0568439667461103,0.0203060262094958,0.0128858864429676,0.000817336166649261,0.0703532166093695,0.0062371807580944,0.003404977446615,0.0107364389931875
A[T>A]T,0.00782584820998679,0.00840852977852724,0.0144912644445679,0.0115852430736786,0.0183322020674189,0.00336091954606805,0.00925761617028797,0.00317370390237243,0.0116778696949691,0.00872245292174624,0.00666281023836315,0.00552942850879004
C[T>A]A,0.01254769141731,0.00287645191925354,0.00886580782999706,0.00738349403289342,0.121582838183375,0.00124431328886037,0.00455014779812078,0.00580470439391228,0.0507479080911215,0.00461815400268176,0.00383357309520058,0.0075011986595373
C[T>A]C,0.00814752610544693,0.0038758978234832,0.0105302870354206,0.00926520999224276,0.0408463623423082,0.00132118709361712,0.00259937192156138,0.0144710312117596,0.0273732030802845,0.00316112744993858,0.0165215339669455,0.0120752087163147
C[T>A]G,0.0228587488526859,0.00620053257687836,0.0135719069896024,0.00859912064916725,0.12915776071077,0.00652461323200455,0.0112517797600019,0.00670537979180151,0.1543183059156,0.0133712381849024,0.0179501001429816,0.00843643652730223
C[T>A]T,0.011082756446317,0.00912716498190901,0.012033143880934,0.00823003831058208,0.0461204899005986,0.0012285816869355,0.00898481810996712,0.00509351134701952,0.045949381340201,0.0042951452503031,0.0217854506437967,0.0155505900710094
G[T>A]A,0.00625719615990347,0.00378310129286803,0.00408856516118026,0.00579247694485374,0.0554892060702954,0.00178562130519031,0.00889158200911055,0.000481488985310241,0.0293800886214125,0.00668759167429939,0.00272740437544017,0.00464851606138866
G[T>A]C,0.00446822976389961,0.00393733760211545,0.00339666191194688,0.00404338849686294,0.00759708038425875,0.00238175593155512,0.00396612392753793,0.00311609667290693,0.00785898719729819,0.00650525757165336,0.00810640522362046,0.00447340966406859
G[T>A]G,0.0125745631738078,0.00616986483389027,0.00466577605876643,0.00563129221584591,0.0223618245170166,0.0125837570474293,0.0104384689557966,0.00287471442224083,0.0486405384508249,0.00546850441338903,0.00379976608033553,0.00380390350532241
G[T>A]T,0.0118193933233139,0.00773710882791546,0.00447097486746256,0.00582717497123575,0.00824067499730571,0.00326743483235937,0.00994572601014185,0.000449090044626301,0.0128801695169361,0.00419390845232268,0.00468990004788506,0.00358976980980655
T[T>A]A,0.00724521555272917,0.00397289199208857,0.0112120444187077,0.0133873126617649,0.0981539992286252,0.00331545594995057,0.00751568216430304,0.0029466461017995,0.0189247616348552,0.00813925383823937,0.0111566936779455,0.0029222271756745
T[T>A]C,0.00554908475747982,0.00241620203177854,0.00860865595476207,0.0118518569454516,0.0205916443523193,0.00112841377194342,0.00690166608369667,0.0139251809112291,0.0181748721678017,0.00497803353263762,0.00530531918577906,0.00344497842525756
T[T>A]G,0.0204511314063538,0.00337022113039398,0.00771187597007382,0.00958907235997343,0.0703197409128595,0.00869053558639987,0.0107936260449701,0.0028112345314833,0.0608452555607301,0.0101585887340004,0.00186174920339775,0.007879222332395
T[T>A]T,0.00919577440771735,0.00985883100968581,0.0134051631322489,0.0270035453276606,0.0363307812544938,0.00318681153876568,0.0260635254044672,0.00478365355120946,0.0192160365172951,0.0146788881061761,0.00851700629372378,0.00636734850761624
A[T>C]A,0.0713446201510514,0.0272516588483205,0.0262937183259349,0.0197415536685161,0.0434619609433084,0.0736151996941699,0.0211745292873493,0.074009022369498,0.04570579343385,0.0065468359446831,0.00505674611748182,0.02185811601858
A[T>C]C,0.00797726604453284,0.00834939324076082,0.00959899511948016,0.00723663561748503,0.000560814567088486,0.0114612021854109,0.00343512199230664,0.0475004847473213,0.00619029429976228,0.0100465024561226,0.00280447317270081,0.0058724865362255
A[T>C]G,0.0473066820048719,0.0201847126897687,0.0267164587538303,0.0184798163009664,0.00855161966256796,0.0770969876570346,0.0168378309672093,0.0489077857485667,0.0299335467526211,0.0117833541068619,0.00346574511076494,0.0194827094743621
A[T>C]T,0.0218654560743573,0.0280809774853554,0.0234216586417493,0.0159317564014924,0.00284283256614772,0.058290159910381,0.0115512938739198,0.0427082521688903,0.00789484877646431,0.0168053480984666,0.0103652712555814,0.0174671971903484
C[T>C]A,0.0209573440209929,0.00513853909765016,0.0162384298700265,0.0134979421734378,0.00819167257923612,0.01174012362961,0.00598056975281467,0.024586960134989,0.0146378403104293,0.00579425097580135,0.00339908589747783,0.00615443887776856
C[T>C]C,0.00740052096637145,0.00661424010802495,0.0125341696771104,0.00902894734079955,0.00119207619488742,0.00555729885669075,0.00495566681080677,0.0416548648137062,0.00617844142436858,0.0161906442275438,0.0031065029252019,0.0178718991916747
C[T>C]G,0.0190119137372237,0.00608600241694296,0.0176255656769094,0.0115822703236152,0.00223214888499411,0.0163222114004963,0.00914220730394962,0.0169944708914559,0.00810665542102275,0.0162525859361342,0.00896626986756521,0.00601591006646992
C[T>C]T,0.0132081850618343,0.00870720769116903,0.0140028429272323,0.0109578276983755,0.00146785211074328,0.0132310365308428,0.00520120960071091,0.035810171077194,0.00223603503771994,0.0176621176373223,0.00512108111697742,0.00806432479312357
G[T>C]A,0.00855899059573877,0.00499038683515711,0.00584073367283535,0.00618258461138333,0.00105934593758369,0.0090077286759831,0.00563350946925079,0.0319228004525717,0.00516917864559917,0.00339668561516832,0.00396157588695576,0.00360131509678273
G[T>C]C,0.00549816998089174,0.00698873730058237,0.00620738605357419,0.00340851212794737,0.000925028741680686,0.00429689025219357,0.00540476457357522,0.0311622041356104,0.00240654842023775,0.0089703436995789,0.0139607054320235,0.00433080923869322
G[T>C]G,0.0116836736330181,0.0086306795375337,0.00944433905329499,0.00698978700159113,0.000444649523838274,0.0198660149737124,0.00619427280303096,0.0297170594669804,0.00702174066755165,0.0186891673557138,0.00237053369473371,0.00872141447995963
G[T>C]T,0.0105307584068895,0.0151390314631508,0.00967302187777366,0.00824741709738866,0.000440340016131624,0.0192980169922999,0.00831025285566728,0.0274865568329097,0.00683655999233436,0.0171879540614016,0.00424777915290156,0.00393291794015069
T[T>C]A,0.0267620047372486,0.00710099309321307,0.0144516139005569,0.016992313155051,0.0154697387187267,0.0202242539232219,0.0102162145361454,0.0738215913485885,0.0180201292208058,0.0102174944845134,0.00535895105628941,0.00754436867278276
T[T>C]C,0.00814290290792105,0.00633261423260334,0.00721446059599694,0.00712438024983986,0.000518792868984953,0.00731548531360338,0.00507311910765794,0.0440376278636213,0.00352115788699158,0.00608593590819666,0.00365495791940481,0.00975355647864202
T[T>C]G,0.0168303721264144,0.00571808276911644,0.008765924239485,0.00778949639553671,0.00361986766163068,0.0228192607441926,0.00787760436925785,0.0336770807525507,0.00552772079647288,0.0155311975889551,0.00389239299328312,0.00193149157782186
T[T>C]T,0.00764873085792291,0.0132542135655466,0.0125120808623038,0.0130136461772561,0.00132741253993774,0.0279461323288531,0.0121839662966494,0.0548487900377258,0.00803537618089957,0.0187965324404686,0.00225959721184557,0.0112482448888493
A[T>G]A,0.00534329453610469,0.00373538789169207,0.00424010386647449,0.00871245819194908,0.00588995151435084,0.00133050799286118,0.00139427222851099,0.00111374448621022,0.00193429430076438,0.0148127926907681,0.00534436217605422,0.00281293933672823
A[T>G]C,0.00347598245808518,0.00110046676415517,0.00295249427368699,0.00920703321022375,0.000142580445547268,0.00227735249416572,0.00105730081711938,0.000334589217833173,0.00194170390551054,0.00466579979547073,0.00146324966237259,0.00326240339214289
A[T>G]G,0.00835523824164975,0.00281701246913767,0.00533743156779191,0.00995609352602386,0.00238194834101296,0.00270169787422984,0.00326448775009062,0.00101860118157303,0.00227388449333828,0.00894125098868956,0.0021444271515277,0.00230464054758868
A[T>G]T,0.00507961372441995,0.00302433734032813,0.00794127198684732,0.024470586378836,0.00051233538255127,0.00121629835655317,0.00376079534402184,0.00206200419321462,0.00324018162643855,0.0321668582354513,0.00358521600670704,0.00774720118765458
C[T>G]A,0.0048340536684395,0.00189274526936136,0.00279615343185793,0.00482182380919541,0.00421505765190749,0.00115465714973724,0.00165594871689163,0.00127395020643763,0.00163910241676851,0.00809396293834667,0.00128030892643674,0.00250969126487715
C[T>G]C,0.0040055630426252,0.00216610459119541,0.00332078043474745,0.00780186271477371,0.000920872144602673,0.00400072733383635,0.00111628207826962,0.00153992296493771,0.00163036154911349,0.00791048027384474,0.00291781629899309,0.00286487216685368
C[T>G]G,0.00730919022083298,0.003353182641913,0.00548422959070728,0.00660158722282463,0.00485467833260664,0.0044036569166828,0.00511480653502449,0.00210601244123906,0.00421726617273542,0.0124084677044775,0.00326084736447338,0.00213248695633114
C[T>G]T,0.00866402964399523,0.00480533694577879,0.00868846862429626,0.0144750108660494,0.000728287386106407,0.00244289919279583,0.00341071225180785,0.00355573736897143,0.00297258511844808,0.0521627008567047,0.000797139604616644,0.00619957644024435
G[T>G]A,0.00365593217012939,0.0018991193226255,0.00164400265204018,0.00274788775201787,0.00196551462709122,0.000594713521415134,0.000555665169884287,0.000597439871244001,0.0012854302624987,0.00381265327701584,0.00271260945595828,0.00238251064174362
G[T>G]C,0.00475822829384896,0.00100217626329331,0.0015318343424467,0.0022153296660636,9.76861875531541e-05,0.00111184364928661,0.00108869205504641,0.000291433249623203,0.00100935310798416,0.00148606859149071,0.00659000925244293,0.00176100034607603
G[T>G]G,0.00541293823283175,0.00352375907270772,0.00417096084450487,0.00409746600171589,0.00107438742027703,0.00321076380134575,0.0013502797940421,0.00130873518818747,0.00237088180128368,0.00382850222655852,0.00589651516233174,0.00453446113522375
G[T>G]T,0.0054458789388095,0.00307480680976679,0.00276700332018233,0.00610558887805866,0.000131375620137793,0.00162459460636051,0.00113130201199325,0.000840629754185889,0.00158705147344948,0.0216245765492246,0.00570945822593394,0.0016804451454693
T[T>G]A,0.00643118838116799,0.00367648335623453,0.00433661056806966,0.0111323095314392,0.0049338298172984,0.000764302298271387,0.00351604280148324,0.00232659981152603,0.00188023095887121,0.0169566946235706,0.00531171948253311,0.00749315459692396
T[T>G]C,0.00334293020448261,0.00113587466734355,0.00296872789242163,0.0097940366969102,0.000509594870064555,0.000944414885480034,0.00120235778491948,0.000502181572549641,0.000880117647558956,0.00954638298597282,0.0025455199625437,0.00312652184183917
T[T>G]G,0.00557721830062592,0.00339746315165341,0.00554303945767457,0.0101939608289402,0.00400009113528394,0.00333043600939131,0.00525203417537203,0.00163055686421749,0.00337157442368857,0.0094359761431279,0.0024705103952231,0.00297203313454766
T[T>G]T,0.0110592745675383,0.00679679997362092,0.0115272064271977,0.0337479315989512,0.00146839463805305,0.00209714162384713,0.00457424795296223,0.00273901168255778,0.00463936060525934,0.0443293117251841,0.00695955711803921,0.00448137602477196
