Sample,SBS5,SBS1,SBSB,SBSblood
PD42590b,0.12511686158705115,0.14520226139739534,0.16651153049256792,0.5631693465229856
PD42591b,0.26862108362614273,0.1302682301986675,0.0,0.6011106861751897
PD42596b,0.2648307974936823,0.1443488469080125,0.0,0.5908203555983053
PD42673b,0.2635856907242311,0.11389133399810962,0.09501805438855349,0.5275049208891058
PD42882b,0.23461885394370888,0.112144645251122,0.15991556974217047,0.4933209310629986
PD42884b,0.25874411235109374,0.13915918104926214,0.0926068467844572,0.5094898598151869
PD42885b,0.22173399582513245,0.12822973403802876,0.11189096987003117,0.5381453002668077
PD42886b,0.29408985525886167,0.13268750015279251,0.0,0.5732226445883458
PD42887b,0.2836239380721973,0.1283943225678795,0.1764345783555257,0.41154716100439737
PD42890b,0.19125948288372102,0.10438306941184544,0.0,0.7043574477044335
PD42891b,0.2860658922171771,0.08610952386007292,0.1524484367789312,0.4753761471438189
PD42893b,0.21756629770486396,0.14153067006130174,0.0907535603138476,0.5501494719199868
PD42894b,0.0,0.10920279982222958,0.09057257024843945,0.8002246299293309
PD42895b,0.0,0.16871230904531012,0.0,0.8312876909546899
PD42897b,0.44360694376255194,0.10875662165973404,0.12862995072439495,0.3190064838533192
PD42898b,0.20941606507291513,0.12153775054603078,0.0,0.6690461843810541
PD42899b,0.3348367611342553,0.13340418136127294,0.0,0.5317590575044716
PD42902b,0.32980107772086636,0.14219980669718305,0.0996999055980454,0.42829920998390514
PD42903b,0.18404427381646823,0.1360030045176671,0.1659105895068226,0.5140421321590419
PD42904b,0.17646305468293438,0.15978694249014144,0.115531313718965,0.5482186891079593
PD42905b,0.17645576585902925,0.13504239153970143,0.0,0.6885018426012692
PD42906b,0.4305662231141515,0.09250303062249858,0.13006740303561934,0.3468633432277306
PD46710b,0.16154577521301267,0.16606214188660579,0.0,0.6723920829003817
PD46714b,0.1577363383120917,0.17105700237944255,0.09852833632562703,0.5726783229828388
PD46721b,0.29165424363406717,0.15049308458207186,0.0,0.557852671783861
PD46724b,0.2175603213506048,0.1619090057473501,0.11521985328467206,0.5053108196173731
PD46738b,0.27366537328639495,0.08980960746421282,0.2824668595945053,0.3540581596548869
PD46743b,0.167523186154853,0.0898730450967451,0.0,0.7426037687484018
PD46744b,0.2268205724326593,0.1219991563426596,0.13161354304880654,0.5195667281758746
PD46748b,0.0,0.11654277770676869,0.0,0.8834572222932312
PD46750b,0.2638879286511828,0.14557916560466774,0.1425710197526391,0.4479618859915103
PD46766b,0.1300630055437722,0.10377304150729638,0.11815754222409403,0.6480064107248373
PD46769b,0.0,0.1583645976192525,0.0,0.8416354023807475
PD46770b,0.0,0.1041127191907309,0.0,0.895887280809269
PD46772b,0.3281166901267203,0.2080179091507149,0.15739385189988236,0.30647154882268257
PD46773b,0.17143489337376558,0.1640376607869964,0.12776619480465887,0.5367612510345793
PD46774b,0.21975447590009559,0.1210132949536803,0.07382916967322806,0.5854030594729961
PD46775b,0.1456010270468831,0.11949603278418952,0.10655219182156797,0.6283507483473595
PD46777b,0.13977158726597358,0.06878149059254476,0.09478609001912976,0.6966608321223519
PD46798b,0.0,0.1103386926612869,0.13257967344698893,0.7570816338917241
PD46799b,0.0,0.1545645678963538,0.0,0.8454354321036461
PD46800b,0.0,0.16219424712568184,0.13054674086574336,0.707259012008575
PD46819b,0.2565791687867589,0.1688181498932677,0.09755691593396884,0.4770457653860045
PD46820b,0.0,0.18203832790649163,0.16461201344102952,0.6533496586524788
PD46834b,0.0,0.15646839487299866,0.0,0.8435316051270013
PD46835b,0.1364627207066854,0.129206021451267,0.1320945555931394,0.6022367022489081
PD46836b,0.0,0.20324283186403946,0.12454876812821718,0.6722084000077433
PD46838b,0.0,0.15059602765249805,0.10096226232957839,0.7484417100179236
PD46839b,0.0,0.14017091154853167,0.12094143585193197,0.7388876525995364
PD46841b,0.4905180845328092,0.11025465298737168,0.0,0.3992272624798191
PD46842b,0.22311448786213153,0.11841766714077451,0.157299045533311,0.5011687994637828
PD46857b,0.0,0.13452351358433345,0.15873805784422199,0.7067384285714445
PD46858b,0.37336902826597607,0.16639725342340916,0.0,0.46023371831061477
PD46859b,0.0,0.17528961367370002,0.1598170021059285,0.6648933842203715
PD46860b,0.3712292978182805,0.13034705989399084,0.18752124617385,0.3109023961138786
PD46861b,0.12234457190416398,0.12877912555028653,0.0,0.7488763025455495
PD46866b,0.15631478119173586,0.15039641360005604,0.19200757963861925,0.5012812255695888
PD46868b,0.28825826274115696,0.15737373512681105,0.09277026042503544,0.4615977417069966
PD46869b,0.0,0.10724958382429396,0.0,0.892750416175706
PD46870b,0.22038661628456932,0.14123864963086957,0.13975788218772686,0.4986168518968343
PD46871b,0.319821361271867,0.1319130674095103,0.17255006121788682,0.37571551010073584
PD46872b,0.20558505740822336,0.18392881267277125,0.0,0.6104861299190053
PD46873b,0.3128769735086763,0.14793416676801824,0.12244179402089042,0.4167470657024151
PD46875b,0.0,0.21126199631211046,0.0887408017330685,0.6999972019548211
PD46877b,0.2152689517702056,0.14515429243270594,0.119339602414411,0.5202371533826774
PD46878b,0.0,0.1512477358582116,0.0,0.8487522641417884
PD46882b,0.24550486542261532,0.15526461113106627,0.1110561859940325,0.488174337452286
PD46885b,0.0,0.124807237356153,0.0,0.875192762643847
PD46886b,0.15306639506923023,0.11592809977354045,0.0,0.7310055051572293
PD46887b,0.18030540517465168,0.10718568346167151,0.08069997170549571,0.6318089396581811
PD46888b,0.0,0.1017540299915377,0.0730402915403391,0.8252056784681232
PD46889b,0.15716479374009784,0.14766316693656792,0.0,0.6951720393233343
PD46891b,0.0,0.12801827345647912,0.12957241220673477,0.7424093143367861
PD46892b,0.1909870718209566,0.13000439126780122,0.0,0.6790085369112423
PD46903b,0.0,0.0865272856346846,0.1325932575813323,0.780879456783983
PD46904b,0.43120657376589666,0.11403180140831612,0.0,0.4547616248257872
PD46911b,0.383858737912483,0.11035999290935597,0.16014830216861609,0.345632967009545
PD46912b,0.2313179189717209,0.1516234138746583,0.1809041019898775,0.43615456516374335
PD46914b,0.24723056679568697,0.15026355064516375,0.0,0.6025058825591493
PD46920b,0.27915068072573246,0.13717006830273976,0.11901901606637347,0.4646602349051543
PD46922b,0.30837571519332957,0.14877556723335852,0.08583644528054217,0.4570122722927698
PD46925b,0.3434896757502951,0.12808809978684332,0.08391322921250767,0.4445089952503539
PD46929b,0.23177545280780773,0.1762933606692019,0.16316709142303434,0.42876409509995606
PD46930b,0.161450850575838,0.1747632384102144,0.1466114338621041,0.5171744771518435
PD46934b,0.3045747523577867,0.13969695550003786,0.06989932343197032,0.4858289687102051
PD46935b,0.20960980749890304,0.1457747194487649,0.1296835978132217,0.5149318752391103
PD46937b,0.18978740998550592,0.10336235366034821,0.1988739509444001,0.5079762854097458
PD46938b,0.299799830678984,0.12416996678764915,0.14262116889112755,0.43340903364223926
PD46941b,0.13915510555978847,0.14705643615360936,0.07188570353323122,0.641902754753371
PD46948b,0.0,0.17209195296070978,0.1419351066220801,0.6859729404172102
PD46952b,0.0,0.13624646938109738,0.15812568616928738,0.7056278444496151
PD46953b,0.0,0.16453427714910765,0.08720175296196792,0.7482639698889244
PD46955b,0.31594013958398265,0.13575143369352652,0.1714501083494879,0.3768583183730029
PD46957b,0.0,0.14484821282276736,0.07373857705478062,0.781413210122452
PD46958b,0.0,0.14571769648107155,0.11430992350811274,0.7399723800108157
PD46959b,0.3407721248256745,0.10387611726425947,0.1255680428728428,0.4297837150372233
PD46960b,0.0,0.14487620185949235,0.13914044409046575,0.7159833540500419
PD46961b,0.29708417868699627,0.13060487744289506,0.1770680069119181,0.39524293695819057
PD46962b,0.25554714570634635,0.11366088448793735,0.0,0.6307919698057164
PD46963b,0.18482362049990644,0.13933430936158692,0.08615323674085386,0.5896888333976528
PD46964b,0.2584236043846967,0.11761337660785216,0.21985179049623976,0.4041112285112115
PD47586b,0.14027763247271136,0.1720802878594378,0.12957880680232797,0.5580632728655228
PD47590b,0.0,0.15389783527810394,0.0,0.846102164721896
PD47592b,0.1522419338386252,0.09412301208259301,0.1368335237189739,0.6168015303598079
PD47593b,0.299433645414603,0.11086966346415966,0.0,0.5896966911212373
PD47596b,0.0,0.10486676792338392,0.09690204839908535,0.7982311836775308
PD48851b,0.30129413520630804,0.08994558140526038,0.13837292502290868,0.4703873583655229
PD48852b,0.3272698243043639,0.12854335932837144,0.12493500010848195,0.41925181625878266
PD48855b,0.27833387656653347,0.14461393187768184,0.0,0.5770521915557846
PD48859b,0.1100419816289703,0.12633209114648336,0.0,0.7636259272245464
PD48864b,0.2704921439602871,0.12967179817058164,0.0,0.5998360578691313
PD48865b,0.2849591201372816,0.13657492565364435,0.11963728719315743,0.4588286670159165
PD48866b,0.3835360015778473,0.107901345256194,0.12592885769260803,0.3826337954733507
PD48867b,0.1352070187648812,0.16412972447767962,0.14051613535170557,0.5601471214057335
PD48868b,0.1974669457871674,0.21319201006327157,0.0,0.5893410441495611
PD48869b,0.0,0.12959853337903599,0.0,0.8704014666209641
PD48871b,0.0,0.1585692916733,0.0,0.8414307083266999
PD48872b,0.0,0.1429890785556083,0.10472017307518625,0.7522907483692054
PD48873b,0.0,0.11770839392371962,0.0,0.8822916060762804
PD48875b,0.0,0.15567922894652508,0.0,0.8443207710534749
PD48882b,0.37482498867137376,0.1254597457505553,0.15134547904624426,0.3483697865318266
PD48886b,0.21326435387148646,0.17128488239056358,0.11715149357828145,0.49829927015966863
PD48898b,0.3682058921598906,0.14411016543769709,0.20694259350231567,0.2807413489000967
PD48902b,0.2956119917448766,0.10391754679583075,0.0772718114008385,0.523198650058454
PD48942b,0.2459369096768624,0.1094486822048211,0.11848096941372985,0.5261334387045867
PD48943b,0.3007316318087179,0.14406669318184676,0.1522286533670865,0.4029730216423489
PD50083b,0.34803688424697726,0.15326708482522466,0.10318048364760622,0.3955155472801919
PD50084b,0.0,0.16719817856110755,0.1363859922232412,0.6964158292156513
PD50085b,0.3159546962185763,0.22794968292183493,0.17066443206349038,0.28543118879609836
PD50135b,0.23070754737524887,0.12390671140429853,0.0,0.6453857412204526
PD50137b,0.3591388028316182,0.1589355262258671,0.11626758510166801,0.3656580858408465
PD50140b,0.30683915544941065,0.12340309420736656,0.07638990793777754,0.4933678424054454
PD50147b,0.2046456428490662,0.10247631338307761,0.12248681464394229,0.5703912291239139
PD50153b,0.0,0.14722994090145827,0.15168581784812724,0.7010842412504145
PD50154b,0.20632445154659051,0.15384615221206344,0.1763579144542159,0.46347148178713016
PD50160b,0.16234270502100498,0.12677590964394744,0.12761844878191028,0.5832629365531372
PD50161b,0.19601842259943267,0.14516702635611684,0.1672015524142231,0.4916129986302274
PD50163b,0.21654365548904933,0.1389710776062535,0.07155524256685873,0.5729300243378385
PD50164b,0.35612627798526025,0.11448410663289929,0.1866394262671038,0.34275018911473665
PD50165b,0.12262745775475063,0.16245524514674986,0.0,0.7149172970984995
PD50166b,0.3090633055511114,0.1116389210105422,0.0,0.5792977734383463
PD50167b,0.19253708811689643,0.12866850943014935,0.08186954539091555,0.5969248570620386
PD50168b,0.37425709299302223,0.14368947838375787,0.20476706602001488,0.277286362603205
PD50171b,0.23668942073265786,0.11816827737844757,0.0,0.6451423018888945
PD50187b,0.1351022150601628,0.13702955551070664,0.0,0.7278682294291305
PD50188b,0.2098894458355913,0.1522566416512146,0.0,0.6378539125131941
PD50196b,0.2950325134194548,0.15750530019023418,0.1306042809089431,0.4168579054813678
PD50201b,0.1549642450424169,0.17289161096672598,0.1380614884373568,0.5340826555535004
PD50415b2,0.2547616831693151,0.12692361135622687,0.1429250258337394,0.4753896796407186
PD50423b,0.0,0.18869631052955332,0.0,0.8113036894704467
PD50425b2,0.321379978693478,0.11544697451795442,0.1215139967884003,0.4416590500001673
PD50440b2,0.3293872222657033,0.1347319855557419,0.0,0.5358807921785548
PD50441b2,0.15613860578326108,0.15925415020551262,0.0,0.6846072440112263
PD50444b2,0.0,0.13496281827692672,0.1435147562041941,0.7215224255188792
PD50458b,0.3002423893147563,0.12545722644441906,0.1471236561196937,0.42717672812113106
PD50610b,0.2319629550686434,0.16014786512402052,0.07548391158111821,0.5324052682262178
PD50612b,0.0,0.08612246500157546,0.08472072736883327,0.8291568076295913
PD50619b,0.0,0.15622552617151853,0.10315107168510369,0.7406234021433777
PD50620b,0.2604265884467324,0.14951288214012806,0.20917946335442833,0.3808810660587112
PD50621b,0.24363023944776094,0.1278622046646453,0.19409287517316473,0.4344146807144291
PD50622b,0.14180437115730607,0.14814921769916206,0.09234568665067029,0.6177007244928615
PD50625b,0.2101965472405747,0.12827400759500526,0.0,0.6615294451644201
PD50627b,0.20270090534465232,0.15783078905030562,0.11871654142676302,0.5207517641782791
PD50629b,0.3181789009575738,0.1292815479298238,0.11244811762008874,0.4400914334925136
PD50630b,0.39107780367907746,0.16445450047096427,0.13980391010659368,0.3046637857433645
PD50632b,0.14030671308865858,0.13264864366025506,0.10414255683770417,0.6229020864133822
PD50634b,0.333071286188397,0.1146126870029366,0.1315063539468694,0.42080967286179705
PD50637b,0.3402728081009483,0.12938356381717778,0.12229425010243752,0.40804937797943636
PD50641b,0.0,0.1591274460435918,0.0,0.8408725539564081
PD51184b,0.32682418648313316,0.1639198778025438,0.07443919061121282,0.43481674510311025
PD51185b,0.2935520093260565,0.1280320215787997,0.0,0.5784159690951438
PD51187b,0.48355114247122033,0.13238625269936677,0.0,0.38406260482941285
PD51191b,0.2909566016093713,0.10789592162496357,0.09831049785706836,0.5028369789085968
PD51192b,0.0,0.12328559883837086,0.07715473024671109,0.7995596709149181
PD51193b,0.342812556311372,0.1306470508162163,0.0,0.5265403928724116
PD51213b,0.32155060495949417,0.12348407024575798,0.17396567360739182,0.3809996511873561
PD51215b,0.13434485778977526,0.11290610160000261,0.08478394940711081,0.6679650912031113
PD51218b,0.13328487130313685,0.12353508262176253,0.07907677708139686,0.6641032689937038
PD51219b,0.12678534223318003,0.13486760449428095,0.0,0.738347053272539
PD51224b,0.30860854189816084,0.12144511271576283,0.10346298526968593,0.4664833601163904
PD51225b,0.3367805109007188,0.13851864032727865,0.0,0.5247008487720025
PD51227b,0.1807540946063164,0.12790454464814305,0.0,0.6913413607455406
PD51239b,0.15857690029802785,0.13044447461700104,0.10931634463182947,0.6016622804531415
PD51254b,0.10914901483489711,0.07444928256807899,0.0,0.8164017025970239
PD51255b,0.31952832835670475,0.09304791589199304,0.11544411715650427,0.4719796385947979
PD51256b,0.17549819768217395,0.11945728580364087,0.08230397679311052,0.6227405397210747
PD51260b,0.0,0.14062790743433456,0.106053561163706,0.7533185314019594
PD51262b,0.19434149581158863,0.15577694951263274,0.0,0.6498815546757787
PD51264b,0.0,0.12159487919463552,0.11797549988536699,0.7604296209199976
PD51265b,0.0,0.1438296127148604,0.0,0.8561703872851396
PD51266b,0.4316138219612524,0.13408471729210175,0.07362339309907884,0.36067806764756694
PD51267b,0.0,0.11821656533673734,0.09416237766720559,0.7876210569960571
PD51269b,0.24176511677315032,0.11831565380985226,0.0,0.6399192294169974
PD51271b,0.21629448352124886,0.1513279464817712,0.15549286306711643,0.47688470692986346
PD51273b,0.0,0.09398399701983011,0.07979038999713166,0.8262256129830383
PD51274b,0.16405106670363362,0.13677851989628356,0.24947978747196958,0.4496906259281132
PD51276b,0.2575481851183931,0.1423811448601325,0.07265008089594525,0.5274205891255292
PD51285b,0.19366137626942573,0.12835164659281492,0.0,0.6779869771377594
PD51290b,0.19105663788215713,0.1749337966649453,0.0,0.6340095654528975
PD51293b,0.0,0.1445064513878557,0.0,0.8554935486121442
PD51303b,0.13008166751922884,0.1429158452716826,0.0,0.7270024872090886
PD51385b,0.28987930609858886,0.11989135133147734,0.13297537786214175,0.4572539647077919
PD51389b,0.2915529141439081,0.12211753150937386,0.08761219350199392,0.49871736084472423
PD51390b,0.13209158085614114,0.08193587583417784,0.0,0.7859725433096809
PD51416b,0.23307023759870266,0.1198642855795453,0.0,0.6470654768217521
PD51427b,0.18523218351447218,0.12880381926347378,0.1064833183320778,0.5794806788899763
PD51428b,0.37100152099179856,0.14853051792749583,0.0,0.4804679610807057
PD51637b,0.15399988998044103,0.13605728577374934,0.09741750341413154,0.6125253208316781
PD51638b,0.3087188410302098,0.13059664766259826,0.09957183442985496,0.46111267687733687
PD51639b,0.36329563977442547,0.11828335277248044,0.0,0.5184210074530943
PD51640b,0.20035979648982116,0.14109183319645208,0.06467964606749434,0.5938687242462325
PD51642b,0.24808522395524082,0.12610184679190414,0.13412061261115502,0.4916923166417001
PD51643b,0.566202782129727,0.16401920064521688,0.09920701906638518,0.1705709981586709
PD51644b,0.28572896583113366,0.13251633805164106,0.12877054276231129,0.45298415335491404
PD51646b,0.18214399362057682,0.15040804061107108,0.0,0.6674479657683521
PD51651b,0.31862632042262073,0.1123310610701912,0.0,0.5690426185071881
PD51652b,0.16206437825522196,0.14185117378955567,0.07369402370790563,0.6223904242473167
PD51654b,0.4203483926851279,0.126078938350001,0.14575272054538965,0.3078199484194814
PD51658b,0.29914666877457,0.115780782355604,0.0,0.585072548869826
PD51661b,0.27920686858926663,0.12275279929734507,0.12593890627937152,0.47210142583401676
PD51667b,0.0,0.16908333207740048,0.1341783160921421,0.6967383518304574
PD51682b,0.0,0.14966857890192878,0.10709371201750427,0.743237709080567
PD51695b,0.24925645495066084,0.10698768039132596,0.19826481445268562,0.4454910502053276
PD51697b,0.29503027447145924,0.14486384358464854,0.1348929558652341,0.4252129260786582
PD51702b,0.3466067813165581,0.1249121084323342,0.06735628186628737,0.46112482838482033
PD51705b,0.15147218339416638,0.12490164127356654,0.11215609409326056,0.6114700812390065
PD51706b,0.26669082982713177,0.14421355950282855,0.07738609186342964,0.5117095188066099
PD51714b,0.38735118794353246,0.13947707246185426,0.1319954533215227,0.3411762862730906
PD51716b,0.2577519165050992,0.15727312270897634,0.16188782785180117,0.42308713293412326
PD51717b,0.16383173948025023,0.14247847889364212,0.11415920020390234,0.5795305814222053
PD51718b,0.21457437506700064,0.10552081836596854,0.08285439092546873,0.5970504156415621
PD51720b,0.0,0.14938528159201572,0.0,0.8506147184079843
PD51721b,0.3029356400315006,0.12529588194382568,0.21252351919020676,0.359244958834467
PD51723b,0.2107800962846929,0.11572549504637912,0.13668193742701573,0.5368124712419121
PD51737b,0.27506051245480195,0.13597782505943806,0.08617808616541542,0.5027835763203445
PD51742b,0.36533046448306056,0.12940935464776654,0.11172838334679389,0.39353179752237893
PD51768b,0.0,0.16959018361163092,0.08449235605692931,0.7459174603314399
PD51806b,0.41425124643640804,0.10050741008207764,0.1311062905310488,0.3541350529504655
PD51815b,0.22743581390749537,0.1386644392588225,0.10358414542820032,0.5303156014054817
PD51816b,0.2590313831983351,0.10248025034493187,0.09895325057774353,0.5395351158789894
PD51817b,0.4059286154177359,0.13226839547904823,0.16554151090833036,0.2962614781948854
PD51820b,0.28326697904874554,0.13154876719761702,0.11961743950438002,0.46556681424925744
PD51823b,0.0,0.13166425828363904,0.0,0.8683357417163609
PD55504c,0.0,0.1675349073973291,0.0,0.8324650926026709
PD55505c,0.33289624070027385,0.11026331301834678,0.0,0.5568404462813793
PD55506c,0.268244095609433,0.14457711137287757,0.0,0.5871787930176894
PD55508c,0.4290269581641319,0.10885107152437777,0.11076533461297851,0.35135663569851183
PD55509c,0.247970600080446,0.11316692921649033,0.07185082966690798,0.5670116410361558
PD55510c,0.44716252703012055,0.09472994925247505,0.0,0.45810752371740443
PD55511c,0.1544393239920866,0.18307034760518479,0.0,0.6624903284027286
PD55512c,0.2549351370225243,0.14689281993280998,0.17300427353662312,0.42516776950804247
PD55513c,0.38384079119531306,0.12407244404442794,0.10456660369168308,0.38752016106857595
PD55515c,0.43577114646413667,0.14435016222771396,0.0,0.4198786913081493
PD55516c,0.501623751983779,0.12288186517340965,0.08977549674418996,0.28571888609862134
PD55517c,0.3892950955553042,0.1597789230989137,0.0,0.450925981345782
PD55518c,0.26142288185014845,0.1356833607763868,0.12680730630084208,0.47608645107262276
PD55519c,0.3576590414406293,0.09598646261201434,0.0,0.5463544959473563
PD55520c,0.4554303366831257,0.1378352086949341,0.11081766874081353,0.2959167858811268
PD55521c,0.28416350433934484,0.13353024211228562,0.0,0.5823062535483695
PD55522c,0.0,0.1442829891445133,0.09259720093321641,0.7631198099222704
PD55524c,0.0,0.12415859586155091,0.0,0.8758414041384491
PD55526c,0.22127144687390404,0.13760958273901852,0.0,0.6411189703870775
PD55527c,0.15186597329036017,0.12880007166391721,0.11619835561202577,0.6031355994336969
PD55528c,0.5048252922400002,0.08318221453077934,0.0,0.4119924932292205
PD55529c,0.20813647659577497,0.113760455423745,0.12648064287594515,0.5516224251045349
PD55530c,0.2700156729153076,0.13977065130756797,0.0,0.5902136757771245
PD55531c,0.3439661902413524,0.13270173692475432,0.11803323217620357,0.40529884065768984
PD55533c,0.2971472152612802,0.15346617224463882,0.12209970739800997,0.42728690509607103
PD55534c,0.23245059705779367,0.1066340683100078,0.0,0.6609153346321985
PD55535c,0.37275582575065896,0.1020526042778341,0.11130098548988487,0.4138905844816222
PD55536c,0.15082719062583425,0.1400902639092246,0.0,0.7090825454649411
PD55538c,0.15305371419346084,0.12828729365983105,0.08491497312572135,0.6337440190209869
